{"cameraMode":{"drawMode":0,"name":"Shaded","section":"Shading Mode"},"sceneLighting":false,"audioPlay":false,"sceneViewState":{"showFog":true,"showMaterialUpdate":false,"showSkybox":false,"showFlares":true,"showImageEffects":true,"showParticleSystems":true},"in2DMode":false,"pivot":{"x":0.00010013580322265625,"y":1.1435776948928834,"z":-0.330782413482666},"rotation":{"x":0.13208964467048646,"y":0.8444807529449463,"z":-0.24329134821891786,"w":0.4584924280643463},"size":3.8345584869384767,"orthographic":true}