{"cameraMode":{"drawMode":0,"name":"Shaded","section":"Shading Mode"},"sceneLighting":true,"audioPlay":false,"sceneViewState":{"showFog":true,"showMaterialUpdate":false,"showSkybox":true,"showFlares":true,"showImageEffects":true,"showParticleSystems":true},"in2DMode":false,"pivot":{"x":3.4625282287597658,"y":-34.156654357910159,"z":38.888145446777347},"rotation":{"x":0.2478412687778473,"y":-0.01889019086956978,"z":0.004833507351577282,"w":0.9686042666435242},"size":57.591732025146487,"orthographic":false}