{"cameraMode":{"drawMode":0,"name":"Shaded","section":"Shading Mode"},"sceneLighting":true,"audioPlay":false,"sceneViewState":{"showFog":true,"showMaterialUpdate":false,"showSkybox":true,"showFlares":true,"showImageEffects":true,"showParticleSystems":true},"in2DMode":false,"pivot":{"x":-2.99363374710083,"y":-24.801185607910158,"z":-13.58255386352539},"rotation":{"x":0.1297728419303894,"y":0.8699945211410523,"z":-0.34698280692100527,"w":0.3253819942474365},"size":48.04309844970703,"orthographic":true}