{"cameraMode":{"drawMode":0,"name":"Shaded","section":"Shading Mode"},"sceneLighting":true,"audioPlay":false,"sceneViewState":{"showFog":true,"showMaterialUpdate":false,"showSkybox":true,"showFlares":true,"showImageEffects":true,"showParticleSystems":true},"in2DMode":false,"pivot":{"x":-1.845028042793274,"y":-2.7113637924194338,"z":-14.721778869628907},"rotation":{"x":0.05242373049259186,"y":0.9420384764671326,"z":-0.17580561339855195,"w":0.2809073030948639},"size":20.663677215576173,"orthographic":true}