{"cameraMode":{"drawMode":0,"name":"Shaded","section":"Shading Mode"},"sceneLighting":true,"audioPlay":false,"sceneViewState":{"showFog":true,"showMaterialUpdate":false,"showSkybox":true,"showFlares":true,"showImageEffects":true,"showParticleSystems":true},"in2DMode":false,"pivot":{"x":-485.788818359375,"y":364.9429931640625,"z":311.4527587890625},"rotation":{"x":0.13208964467048646,"y":0.8444807529449463,"z":-0.24329134821891786,"w":0.4584924280643463},"size":36.868141174316409,"orthographic":true}