{"cameraMode":{"drawMode":0,"name":"Shaded","section":"Shading Mode"},"sceneLighting":false,"audioPlay":false,"sceneViewState":{"showFog":true,"showMaterialUpdate":false,"showSkybox":false,"showFlares":true,"showImageEffects":true,"showParticleSystems":true},"in2DMode":false,"pivot":{"x":-0.011474847793579102,"y":0.25583356618881228,"z":-0.007095277309417725},"rotation":{"x":0.17606118321418763,"y":0.013288677670061589,"z":-0.0023769703693687917,"w":0.9842866063117981},"size":0.7824363112449646,"orthographic":false}