{"cameraMode":{"drawMode":0,"name":"Shaded","section":"Shading Mode"},"sceneLighting":false,"audioPlay":false,"sceneViewState":{"showFog":true,"showMaterialUpdate":false,"showSkybox":false,"showFlares":true,"showImageEffects":true,"showParticleSystems":true},"in2DMode":false,"pivot":{"x":0.028080344200134279,"y":1.0924620628356934,"z":-0.125160813331604},"rotation":{"x":0.1297728419303894,"y":0.8699945211410523,"z":-0.34698280692100527,"w":0.3253819942474365},"size":1.4441636800765992,"orthographic":true}