{"cameraMode":{"drawMode":0,"name":"Shaded","section":"Shading Mode"},"sceneLighting":true,"audioPlay":false,"sceneViewState":{"showFog":true,"showMaterialUpdate":false,"showSkybox":false,"showFlares":true,"showImageEffects":true,"showParticleSystems":true},"in2DMode":false,"pivot":{"x":4.907225608825684,"y":1.5805339813232422,"z":-10.426041603088379},"rotation":{"x":0.07486674934625626,"y":0.9164459705352783,"z":-0.20426979660987855,"w":0.3358815610408783},"size":3.6373062133789064,"orthographic":true}