{"cameraMode":{"drawMode":0,"name":"Shaded","section":"Shading Mode"},"sceneLighting":true,"audioPlay":false,"sceneViewState":{"showFog":true,"showMaterialUpdate":false,"showSkybox":true,"showFlares":true,"showImageEffects":true,"showParticleSystems":true},"in2DMode":false,"pivot":{"x":-29.106277465820314,"y":11.299445152282715,"z":36.68466567993164},"rotation":{"x":0.05785353481769562,"y":0.9396743178367615,"z":-0.20058782398700715,"w":0.2710193991661072},"size":24.798139572143556,"orthographic":true}