{"cameraMode":{"drawMode":0,"name":"Shaded","section":"Shading Mode"},"sceneLighting":true,"audioPlay":false,"sceneViewState":{"showFog":true,"showMaterialUpdate":false,"showSkybox":true,"showFlares":true,"showImageEffects":true,"showParticleSystems":true},"in2DMode":false,"pivot":{"x":-6.191923141479492,"y":-0.07988786697387696,"z":5.11641788482666},"rotation":{"x":0.11042071133852005,"y":0.8812844157218933,"z":-0.2541884183883667,"w":0.3828246295452118},"size":21.33649253845215,"orthographic":true}