{"cameraMode":{"drawMode":0,"name":"Shaded","section":"Shading Mode"},"sceneLighting":true,"audioPlay":false,"sceneViewState":{"showFog":true,"showMaterialUpdate":false,"showSkybox":true,"showFlares":true,"showImageEffects":true,"showParticleSystems":true},"in2DMode":false,"pivot":{"x":-4.465021133422852,"y":-2.259265899658203,"z":-13.618194580078125},"rotation":{"x":0.01347139198333025,"y":0.9716961979866028,"z":-0.22885802388191224,"w":0.05719953402876854},"size":29.081974029541017,"orthographic":true}