{"cameraMode":{"drawMode":0,"name":"Shaded","section":"Shading Mode"},"sceneLighting":true,"audioPlay":false,"sceneViewState":{"showFog":true,"showMaterialUpdate":false,"showSkybox":true,"showFlares":true,"showImageEffects":true,"showParticleSystems":true},"in2DMode":false,"pivot":{"x":0.4354344606399536,"y":3.265293598175049,"z":3.7049598693847658},"rotation":{"x":0.07486674934625626,"y":0.9164459705352783,"z":-0.20426979660987855,"w":0.3358815610408783},"size":12.381939888000489,"orthographic":true}