{"cameraMode":{"drawMode":0,"name":"Shaded","section":"Shading Mode"},"sceneLighting":true,"audioPlay":false,"sceneViewState":{"showFog":true,"showMaterialUpdate":false,"showSkybox":true,"showFlares":true,"showImageEffects":true,"showParticleSystems":true},"in2DMode":false,"pivot":{"x":-20.642353057861329,"y":8.920979499816895,"z":15.355576515197754},"rotation":{"x":0.0840330496430397,"y":0.898728609085083,"z":-0.19749371707439423,"w":0.3824159502983093},"size":24.179819107055665,"orthographic":true}