{"cameraMode":{"drawMode":0,"name":"Shaded","section":"Shading Mode"},"sceneLighting":true,"audioPlay":false,"sceneViewState":{"showFog":true,"showMaterialUpdate":false,"showSkybox":true,"showFlares":true,"showImageEffects":true,"showParticleSystems":true},"in2DMode":false,"pivot":{"x":-4.465021133422852,"y":-2.259265899658203,"z":-13.618194580078125},"rotation":{"x":0.05785353481769562,"y":0.9396743178367615,"z":-0.20058782398700715,"w":0.2710193991661072},"size":26.27424430847168,"orthographic":true}