{"cameraMode":{"drawMode":0,"name":"Shaded","section":"Shading Mode"},"sceneLighting":true,"audioPlay":false,"sceneViewState":{"showFog":true,"showMaterialUpdate":false,"showSkybox":true,"showFlares":true,"showImageEffects":true,"showParticleSystems":true},"in2DMode":false,"pivot":{"x":-2.955227851867676,"y":-1.9659534692764283,"z":-6.167088031768799},"rotation":{"x":0.08135305345058441,"y":0.9139090776443481,"z":-0.22831252217292787,"w":0.32564830780029299},"size":26.84164047241211,"orthographic":true}