{"cameraMode":{"drawMode":0,"name":"Shaded","section":"Shading Mode"},"sceneLighting":true,"audioPlay":false,"sceneViewState":{"showFog":true,"showMaterialUpdate":false,"showSkybox":true,"showFlares":true,"showImageEffects":true,"showParticleSystems":true},"in2DMode":false,"pivot":{"x":-2.99363374710083,"y":-24.801185607910158,"z":-13.58255386352539},"rotation":{"x":0.3947744071483612,"y":0.07840660214424133,"z":-0.033835697919130328,"w":0.914800763130188},"size":54.97450637817383,"orthographic":true}